MeanGold,StdDevGold,MeanSilver,StdDevSilver,MeanBronze,StdDevBronze
3.6559139784946235,7.022471111671379,3.6344086021505375,6.626338988947588,4.32258064516129,6.210372267639423
